[
  {
    "icon": "fa fa-home",
    "slug": "external",
    "title": "Volver al inicio",
    "path": "index.html"
  },
  {
    "id": 0,
    "icon": "fa fa-play-circle",
    "slug": "tema-1",
    "title": "Introducción",
    "breadcrumb": ["Inicio","tema 1"],
    "path": "pages/tema-1.html"
  },  
  {
    "id": 1,
    "icon": "fa fa-play-circle",
    "slug": "tema-1",
    "title": "1. Toma de medidas antropométricas",
    "breadcrumb": ["Inicio","tema 1"],
    "path": "pages/tema-1.html",
    "anchor": "tema-1",
    "submenu": [
      {
        "icon": "fa fa-file-text-o",
        "slug": "tema-1",
        "title": "1.1 Técnicas para la toma de mediciones antropométricas",
        "anchor": "tema-11"
      }
    ]
  }, 
  {
    "icon": "fa fa-file-text-o",
    "slug": "tema-2",
    "title": "2. Clasificación nutricional según indicadores antropométricos",
    "path": "pages/tema-2.html",
    "submenu": [
      {
        "icon": "fa fa-file-text-o",
        "slug": "tema-2",
        "title": "2.1 Indicadores para la clasificación antropométrica del estado nutricional",
        "anchor": "tema-21"
      },
      {
        "icon": "fa fa-file-text-o",
        "slug": "tema-2",
        "title": "2.2 El patrón de referencia",
        "anchor": "tema-22"
      },
      {
        "icon": "fa fa-file-text-o",
        "slug": "tema-2",
        "title": "2.3 Los puntos de corte",
        "anchor": "tema-23"
      }
    ]
  },
  {
    "icon": "fa fa-question-circle",
    "slug": "tema-3",
    "title": "3. Aplicación práctica",
    "path": "pages/tema-3.html" 
  }     
]